Date;ClosingPrice;Open;DailyHigh;DailyLow
03.01.2019;1086,80000;1069,39000;1093,22000;1063,63000
04.01.2019;1118,03000;1090,96000;1118,03000;1090,96000
08.01.2019;1122,90000;1116,61000;1127,70000;1114,38000
09.01.2019;1135,51000;1127,09000;1137,15000;1124,42000
10.01.2019;1142,32000;1139,22000;1142,32000;1129,15000
11.01.2019;1148,75000;1146,76000;1153,31000;1140,39000
14.01.2019;1147,16000;1148,29000;1148,29000;1132,28000
15.01.2019;1148,03000;1146,97000;1155,03000;1139,16000
16.01.2019;1152,99000;1148,09000;1155,09000;1146,20000
17.01.2019;1157,06000;1156,42000;1157,89000;1148,25000
18.01.2019;1176,42000;1164,95000;1176,42000;1163,38000
21.01.2019;1171,09000;1175,84000;1178,44000;1171,09000
22.01.2019;1169,79000;1170,32000;1170,32000;1161,91000
23.01.2019;1186,51000;1168,49000;1186,61000;1167,86000
24.01.2019;1188,15000;1187,07000;1191,50000;1179,74000
25.01.2019;1192,02000;1190,70000;1193,29000;1181,79000
28.01.2019;1178,91000;1192,98000;1196,78000;1175,12000
29.01.2019;1191,38000;1176,95000;1192,79000;1169,06000
30.01.2019;1198,99000;1190,83000;1200,09000;1187,66000
31.01.2019;1214,45000;1210,89000;1224,55000;1210,89000
01.02.2019;1211,23000;1213,70000;1218,41000;1205,11000
04.02.2019;1211,15000;1213,36000;1219,09000;1209,20000
05.02.2019;1223,48000;1212,45000;1226,56000;1212,33000
06.02.2019;1215,83000;1222,94000;1225,08000;1214,56000
07.02.2019;1200,14000;1213,51000;1213,51000;1197,06000
08.02.2019;1199,65000;1199,00000;1201,41000;1189,57000
11.02.2019;1201,33000;1198,87000;1209,81000;1198,81000
12.02.2019;1215,47000;1201,34000;1218,83000;1201,34000
13.02.2019;1190,79000;1212,00000;1215,48000;1190,60000
14.02.2019;1156,31000;1169,05000;1174,19000;1151,95000
15.02.2019;1177,50000;1165,08000;1178,00000;1165,08000
18.02.2019;1177,04000;1182,85000;1186,66000;1167,54000
19.02.2019;1173,64000;1174,60000;1180,01000;1164,89000
20.02.2019;1194,40000;1179,37000;1194,85000;1179,37000
21.02.2019;1188,60000;1194,38000;1199,71000;1184,50000
22.02.2019;1198,40000;1186,97000;1198,40000;1186,14000
25.02.2019;1201,57000;1200,37000;1210,88000;1195,12000
26.02.2019;1193,07000;1196,90000;1196,90000;1186,28000
27.02.2019;1191,01000;1196,57000;1199,77000;1183,38000
28.02.2019;1188,28000;1191,84000;1192,34000;1181,14000
01.03.2019;1187,35000;1188,80000;1194,47000;1184,46000
04.03.2019;1185,83000;1184,34000;1190,28000;1182,72000
05.03.2019;1180,15000;1184,68000;1185,65000;1177,37000
06.03.2019;1191,51000;1182,11000;1193,91000;1182,11000
07.03.2019;1179,58000;1189,81000;1190,94000;1177,53000
11.03.2019;1176,71000;1176,03000;1179,62000;1173,05000
12.03.2019;1183,34000;1179,20000;1188,37000;1178,78000
13.03.2019;1189,14000;1184,87000;1189,14000;1177,84000
14.03.2019;1181,96000;1189,58000;1193,21000;1179,67000
15.03.2019;1196,75000;1182,78000;1196,75000;1182,78000
18.03.2019;1213,35000;1204,05000;1218,35000;1201,77000
19.03.2019;1219,78000;1216,26000;1223,33000;1214,40000
20.03.2019;1226,26000;1220,05000;1227,33000;1216,71000
21.03.2019;1237,68000;1235,79000;1243,70000;1234,02000
22.03.2019;1213,40000;1237,00000;1240,14000;1209,14000
25.03.2019;1228,34000;1212,07000;1229,93000;1205,19000
26.03.2019;1229,96000;1228,32000;1236,19000;1223,80000
27.03.2019;1207,23000;1228,29000;1229,43000;1207,23000
28.03.2019;1207,31000;1208,84000;1212,64000;1203,38000
29.03.2019;1198,11000;1209,75000;1220,22000;1194,92000
01.04.2019;1214,29000;1199,31000;1217,68000;1199,31000
02.04.2019;1216,20000;1219,43000;1222,34000;1211,02000
03.04.2019;1224,35000;1220,99000;1232,64000;1220,99000
04.04.2019;1219,94000;1222,00000;1224,00000;1214,70000
05.04.2019;1225,84000;1219,83000;1229,31000;1219,60000
08.04.2019;1240,16000;1225,74000;1240,16000;1225,74000
09.04.2019;1248,38000;1244,90000;1252,88000;1242,97000
10.04.2019;1262,48000;1248,22000;1263,61000;1245,10000
11.04.2019;1245,17000;1262,78000;1266,08000;1245,17000
12.04.2019;1253,44000;1243,74000;1260,49000;1243,60000
15.04.2019;1246,99000;1255,43000;1260,46000;1242,77000
16.04.2019;1255,45000;1248,56000;1258,53000;1244,73000
17.04.2019;1265,51000;1259,75000;1269,86000;1259,75000
18.04.2019;1262,28000;1266,51000;1266,51000;1254,28000
19.04.2019;1260,82000;1262,73000;1265,60000;1259,28000
22.04.2019;1275,59000;1262,64000;1276,98000;1262,64000
23.04.2019;1277,71000;1276,75000;1284,91000;1271,58000
24.04.2019;1263,97000;1279,71000;1279,79000;1257,94000
25.04.2019;1245,98000;1262,49000;1263,20000;1244,80000
26.04.2019;1247,01000;1247,64000;1248,29000;1239,97000
29.04.2019;1254,96000;1247,80000;1255,55000;1247,21000
30.04.2019;1248,39000;1255,83000;1255,90000;1244,86000
02.05.2019;1238,05000;1247,09000;1249,41000;1236,94000
03.05.2019;1248,39000;1239,21000;1250,79000;1239,21000
06.05.2019;1245,59000;1243,52000;1245,59000;1228,15000
07.05.2019;1237,86000;1245,91000;1247,95000;1234,93000
08.05.2019;1233,05000;1234,93000;1239,86000;1229,01000
10.05.2019;1213,79000;1228,82000;1229,69000;1210,67000
13.05.2019;1207,57000;1215,63000;1221,53000;1206,96000
14.05.2019;1241,51000;1208,00000;1243,96000;1208,00000
15.05.2019;1247,02000;1246,28000;1251,41000;1239,02000
16.05.2019;1261,33000;1243,79000;1266,63000;1243,63000
17.05.2019;1254,68000;1255,98000;1259,31000;1252,02000
20.05.2019;1256,22000;1255,83000;1263,72000;1252,29000
21.05.2019;1279,12000;1257,20000;1281,12000;1256,10000
22.05.2019;1292,79000;1281,02000;1296,85000;1276,20000
23.05.2019;1275,42000;1288,79000;1288,79000;1269,50000
24.05.2019;1279,11000;1273,67000;1290,80000;1273,67000
27.05.2019;1288,12000;1280,01000;1288,12000;1279,12000
28.05.2019;1271,15000;1287,34000;1289,61000;1264,86000
29.05.2019;1275,92000;1269,23000;1277,77000;1262,13000
30.05.2019;1286,52000;1282,56000;1291,11000;1280,69000
31.05.2019;1287,09000;1283,38000;1288,31000;1268,29000
03.06.2019;1315,22000;1280,99000;1323,06000;1273,62000
04.06.2019;1307,55000;1314,22000;1321,39000;1299,06000
05.06.2019;1303,35000;1308,59000;1314,29000;1300,11000
06.06.2019;1319,85000;1301,74000;1321,23000;1301,05000
07.06.2019;1325,95000;1323,75000;1330,41000;1320,48000
10.06.2019;1335,71000;1327,75000;1337,63000;1326,94000
11.06.2019;1343,33000;1321,82000;1347,83000;1321,67000
13.06.2019;1346,98000;1342,10000;1346,98000;1332,72000
14.06.2019;1341,05000;1345,14000;1356,06000;1341,05000
17.06.2019;1340,90000;1339,50000;1351,04000;1336,32000
18.06.2019;1359,23000;1338,30000;1359,63000;1334,56000
19.06.2019;1361,14000;1359,51000;1366,49000;1353,87000
20.06.2019;1391,21000;1362,52000;1391,72000;1362,52000
21.06.2019;1375,02000;1390,86000;1391,03000;1365,48000
24.06.2019;1387,06000;1381,01000;1389,52000;1380,92000
25.06.2019;1380,87000;1389,96000;1392,90000;1373,15000
26.06.2019;1386,63000;1380,58000;1388,93000;1376,89000
27.06.2019;1388,07000;1386,14000;1396,19000;1380,88000
28.06.2019;1380,52000;1387,33000;1393,63000;1380,06000
01.07.2019;1401,64000;1383,57000;1409,76000;1383,57000
02.07.2019;1398,26000;1402,12000;1405,40000;1391,08000
03.07.2019;1401,52000;1398,24000;1402,45000;1389,47000
04.07.2019;1411,53000;1404,60000;1411,53000;1399,22000
05.07.2019;1398,75000;1410,91000;1412,97000;1397,29000
08.07.2019;1399,55000;1393,62000;1399,55000;1384,05000
09.07.2019;1394,86000;1395,92000;1399,16000;1390,70000
10.07.2019;1407,64000;1392,56000;1409,43000;1386,15000
11.07.2019;1398,88000;1408,78000;1413,82000;1391,55000
12.07.2019;1387,87000;1397,71000;1398,55000;1379,50000
15.07.2019;1386,52000;1392,92000;1396,67000;1385,30000
16.07.2019;1382,09000;1384,53000;1385,18000;1372,76000
17.07.2019;1361,58000;1357,09000;1367,04000;1354,11000
18.07.2019;1349,76000;1354,30000;1359,43000;1348,95000
19.07.2019;1350,69000;1359,44000;1365,88000;1350,33000
22.07.2019;1341,17000;1349,12000;1353,41000;1341,17000
23.07.2019;1345,48000;1341,54000;1351,08000;1338,94000
24.07.2019;1339,62000;1350,01000;1351,31000;1336,94000
25.07.2019;1346,91000;1333,57000;1362,30000;1326,48000
26.07.2019;1348,30000;1343,71000;1361,94000;1342,53000
29.07.2019;1353,61000;1350,11000;1355,58000;1346,26000
30.07.2019;1352,89000;1355,91000;1358,09000;1349,00000
31.07.2019;1360,04000;1358,07000;1364,84000;1352,68000
01.08.2019;1346,40000;1350,46000;1352,72000;1339,54000
02.08.2019;1293,19000;1325,48000;1325,48000;1290,12000
05.08.2019;1282,29000;1287,11000;1295,01000;1279,29000
06.08.2019;1294,50000;1276,22000;1300,77000;1276,10000
07.08.2019;1284,91000;1294,94000;1306,53000;1280,42000
08.08.2019;1303,80000;1298,77000;1308,80000;1298,77000
09.08.2019;1289,47000;1306,05000;1307,73000;1289,08000
12.08.2019;1294,12000;1296,69000;1302,04000;1287,47000
13.08.2019;1297,85000;1294,95000;1306,46000;1277,68000
14.08.2019;1259,68000;1302,88000;1304,47000;1255,79000
15.08.2019;1250,13000;1260,76000;1268,73000;1241,12000
16.08.2019;1239,81000;1257,30000;1261,09000;1239,81000
19.08.2019;1247,53000;1244,40000;1253,34000;1233,19000
20.08.2019;1264,59000;1248,39000;1265,22000;1245,85000
21.08.2019;1280,19000;1267,54000;1281,80000;1262,74000
22.08.2019;1282,63000;1280,98000;1288,28000;1276,17000
23.08.2019;1268,45000;1286,45000;1288,49000;1267,62000
26.08.2019;1268,25000;1265,40000;1276,24000;1260,45000
27.08.2019;1258,60000;1268,86000;1269,98000;1248,32000
28.08.2019;1266,71000;1260,45000;1267,41000;1250,87000
29.08.2019;1284,94000;1264,18000;1284,94000;1261,97000
30.08.2019;1293,32000;1285,55000;1297,68000;1284,85000
02.09.2019;1309,22000;1293,90000;1310,63000;1292,86000
03.09.2019;1303,49000;1306,76000;1307,28000;1297,74000
04.09.2019;1330,77000;1315,10000;1332,73000;1315,10000
05.09.2019;1337,92000;1332,36000;1344,75000;1332,36000
06.09.2019;1340,52000;1334,57000;1342,50000;1328,02000
09.09.2019;1340,14000;1343,16000;1349,90000;1336,73000
10.09.2019;1343,95000;1338,65000;1343,95000;1330,38000
11.09.2019;1354,68000;1342,55000;1358,67000;1339,11000
12.09.2019;1361,05000;1354,56000;1364,76000;1349,59000
13.09.2019;1368,93000;1360,97000;1370,77000;1359,46000
16.09.2019;1396,09000;1376,21000;1396,25000;1375,57000
17.09.2019;1381,50000;1393,30000;1399,36000;1374,40000
18.09.2019;1382,16000;1379,67000;1382,47000;1375,20000
19.09.2019;1378,06000;1382,32000;1386,99000;1373,15000
20.09.2019;1377,38000;1376,21000;1379,41000;1368,43000
23.09.2019;1373,49000;1374,36000;1375,32000;1363,69000
24.09.2019;1358,80000;1374,41000;1379,42000;1355,88000
25.09.2019;1354,01000;1353,39000;1354,01000;1340,19000
26.09.2019;1359,59000;1353,18000;1363,20000;1350,05000
27.09.2019;1347,72000;1360,21000;1360,58000;1347,69000
30.09.2019;1333,91000;1344,13000;1348,02000;1331,95000
01.10.2019;1329,37000;1335,64000;1346,70000;1328,84000
02.10.2019;1313,75000;1330,69000;1331,50000;1311,03000
03.10.2019;1307,01000;1313,97000;1317,66000;1300,45000
04.10.2019;1311,65000;1309,73000;1319,88000;1309,15000
07.10.2019;1320,25000;1313,90000;1322,26000;1305,05000
08.10.2019;1306,39000;1319,14000;1324,76000;1303,64000
09.10.2019;1317,48000;1306,81000;1321,83000;1306,26000
10.10.2019;1330,92000;1317,38000;1330,92000;1310,39000
11.10.2019;1329,63000;1330,97000;1341,70000;1328,41000
14.10.2019;1321,13000;1329,57000;1332,28000;1319,31000
15.10.2019;1331,03000;1321,24000;1331,78000;1318,35000
16.10.2019;1347,43000;1330,57000;1348,18000;1329,73000
17.10.2019;1353,49000;1349,24000;1356,29000;1346,76000
18.10.2019;1355,27000;1350,05000;1358,63000;1349,15000
21.10.2019;1365,14000;1363,43000;1369,06000;1358,17000
22.10.2019;1387,68000;1367,67000;1387,68000;1366,73000
23.10.2019;1392,47000;1382,83000;1392,47000;1377,96000
24.10.2019;1413,63000;1390,68000;1413,63000;1390,54000
25.10.2019;1421,20000;1414,15000;1423,14000;1402,56000
28.10.2019;1411,92000;1420,31000;1432,26000;1408,97000
29.10.2019;1424,05000;1412,45000;1424,05000;1405,00000
30.10.2019;1431,90000;1419,81000;1437,01000;1416,43000
31.10.2019;1422,92000;1439,21000;1451,26000;1417,49000
01.11.2019;1455,44000;1422,26000;1455,44000;1419,91000
05.11.2019;1460,50000;1463,31000;1473,74000;1454,98000
06.11.2019;1471,38000;1463,46000;1471,38000;1453,03000
07.11.2019;1487,03000;1468,60000;1487,82000;1463,29000
08.11.2019;1468,17000;1486,56000;1486,56000;1457,39000
11.11.2019;1460,84000;1464,32000;1466,12000;1455,79000
12.11.2019;1449,35000;1461,37000;1471,19000;1447,83000
13.11.2019;1437,85000;1443,19000;1443,19000;1430,91000
14.11.2019;1436,98000;1438,67000;1448,54000;1425,44000
15.11.2019;1449,42000;1440,29000;1450,84000;1435,54000
18.11.2019;1443,02000;1456,17000;1461,20000;1436,74000
19.11.2019;1451,64000;1445,16000;1456,01000;1441,99000
20.11.2019;1448,40000;1449,08000;1452,40000;1433,00000
21.11.2019;1454,74000;1449,80000;1456,62000;1445,01000
22.11.2019;1455,42000;1453,42000;1468,40000;1451,50000
25.11.2019;1454,63000;1456,72000;1462,51000;1450,92000
26.11.2019;1440,95000;1455,84000;1458,88000;1437,89000
27.11.2019;1441,08000;1444,41000;1450,34000;1437,92000
28.11.2019;1439,18000;1441,25000;1442,47000;1431,35000
29.11.2019;1438,45000;1438,47000;1441,02000;1428,03000
02.12.2019;1432,81000;1438,81000;1448,98000;1432,24000
03.12.2019;1414,06000;1432,13000;1435,81000;1414,06000
04.12.2019;1430,03000;1417,91000;1433,56000;1410,61000
05.12.2019;1430,39000;1430,44000;1434,16000;1421,35000
06.12.2019;1448,34000;1433,89000;1448,65000;1431,47000
09.12.2019;1456,79000;1448,82000;1458,90000;1445,55000
10.12.2019;1454,23000;1458,08000;1460,92000;1446,14000
11.12.2019;1463,15000;1454,75000;1466,70000;1453,58000
12.12.2019;1496,96000;1476,90000;1502,81000;1476,33000
13.12.2019;1501,42000;1499,36000;1515,14000;1496,94000
16.12.2019;1517,16000;1504,04000;1520,70000;1502,79000
17.12.2019;1520,60000;1519,79000;1521,77000;1512,80000
18.12.2019;1522,51000;1520,18000;1524,62000;1511,66000
19.12.2019;1519,49000;1514,40000;1526,48000;1511,06000
20.12.2019;1523,77000;1522,10000;1530,86000;1519,02000
23.12.2019;1535,00000;1522,85000;1535,00000;1522,04000
24.12.2019;1540,46000;1535,88000;1541,87000;1534,78000
25.12.2019;1544,12000;1541,59000;1549,88000;1541,31000
26.12.2019;1534,85000;1541,05000;1546,50000;1533,76000
27.12.2019;1549,40000;1533,81000;1552,73000;1533,81000
30.12.2019;1548,92000;1549,59000;1558,24000;1545,30000
03.01.2020;1564,18000;1554,72000;1567,86000;1553,80000
06.01.2020;1568,35000;1560,36000;1568,35000;1549,52000
08.01.2020;1589,08000;1567,72000;1590,21000;1563,18000
09.01.2020;1601,74000;1597,24000;1607,28000;1590,77000
10.01.2020;1614,69000;1602,40000;1614,69000;1594,01000
13.01.2020;1619,73000;1612,38000;1620,17000;1608,53000
14.01.2020;1604,96000;1622,41000;1625,61000;1602,03000
15.01.2020;1602,29000;1604,03000;1615,64000;1588,73000
16.01.2020;1612,72000;1608,93000;1618,10000;1608,64000
17.01.2020;1637,75000;1615,15000;1641,82000;1614,90000
20.01.2020;1646,60000;1640,50000;1651,82000;1640,39000
21.01.2020;1634,32000;1644,18000;1644,18000;1622,58000
22.01.2020;1612,87000;1635,64000;1643,19000;1612,87000
23.01.2020;1596,11000;1611,12000;1614,98000;1593,81000
24.01.2020;1599,82000;1601,66000;1614,68000;1597,16000
27.01.2020;1541,90000;1584,97000;1584,97000;1541,90000
28.01.2020;1572,23000;1549,47000;1572,73000;1531,60000
29.01.2020;1570,65000;1581,07000;1584,26000;1563,89000
30.01.2020;1544,55000;1565,60000;1565,78000;1544,55000
31.01.2020;1517,07000;1559,98000;1568,82000;1517,07000
03.02.2020;1521,16000;1509,20000;1530,86000;1507,30000
04.02.2020;1547,19000;1523,91000;1550,22000;1523,84000
05.02.2020;1560,48000;1550,18000;1579,60000;1538,23000
06.02.2020;1539,42000;1569,33000;1579,09000;1533,83000
07.02.2020;1518,23000;1542,11000;1547,97000;1506,25000
10.02.2020;1503,95000;1517,68000;1530,04000;1495,20000
11.02.2020;1539,56000;1509,16000;1548,27000;1509,16000
12.02.2020;1557,44000;1542,81000;1557,93000;1541,14000
13.02.2020;1543,50000;1553,32000;1554,20000;1530,79000
14.02.2020;1534,89000;1541,28000;1550,12000;1528,22000
17.02.2020;1543,25000;1535,16000;1546,87000;1535,16000
18.02.2020;1515,54000;1540,60000;1540,95000;1510,82000
19.02.2020;1542,08000;1525,01000;1544,62000;1525,01000
20.02.2020;1535,81000;1546,35000;1552,04000;1535,81000
21.02.2020;1524,71000;1525,88000;1531,62000;1515,45000
25.02.2020;1446,11000;1504,06000;1506,85000;1445,76000
26.02.2020;1461,22000;1442,87000;1464,34000;1419,26000
27.02.2020;1386,20000;1438,28000;1444,05000;1381,02000
28.02.2020;1299,69000;1359,93000;1362,43000;1279,74000
02.03.2020;1303,47000;1332,74000;1368,63000;1275,17000
03.03.2020;1358,03000;1336,10000;1360,28000;1320,51000
04.03.2020;1348,19000;1336,30000;1364,55000;1326,90000
05.03.2020;1323,82000;1356,00000;1363,73000;1319,15000
06.03.2020;1257,96000;1291,47000;1300,61000;1238,53000
10.03.2020;1094,18000;1149,81000;1182,08000;1055,31000
11.03.2020;1086,18000;1117,85000;1130,62000;1076,54000
12.03.2020;966,40000;1042,20000;1042,20000;953,64000
13.03.2020;991,69000;958,29000;1055,49000;957,19000
16.03.2020;966,93000;996,53000;998,33000;910,66000
17.03.2020;934,66000;955,12000;985,24000;909,92000
18.03.2020;832,26000;915,71000;915,74000;827,52000
19.03.2020;902,63000;831,46000;908,75000;808,79000
20.03.2020;924,22000;926,19000;980,21000;913,69000
23.03.2020;883,78000;866,72000;916,92000;864,61000
24.03.2020;965,32000;929,89000;978,23000;929,89000
25.03.2020;981,69000;989,49000;1027,62000;943,02000
26.03.2020;1017,03000;986,43000;1022,02000;959,31000
27.03.2020;955,34000;1013,15000;1015,89000;945,28000
30.03.2020;958,54000;950,20000;962,60000;926,80000
31.03.2020;1014,44000;979,27000;1014,51000;979,27000
01.04.2020;987,75000;990,15000;995,18000;977,48000
02.04.2020;1034,06000;1011,80000;1038,20000;983,63000
03.04.2020;1049,88000;1038,92000;1070,42000;1030,64000
06.04.2020;1083,43000;1069,66000;1090,81000;1059,31000
07.04.2020;1099,76000;1097,82000;1122,88000;1087,08000
08.04.2020;1114,60000;1091,53000;1114,60000;1083,50000
09.04.2020;1155,49000;1132,27000;1170,27000;1119,82000
10.04.2020;1142,07000;1136,22000;1148,60000;1127,84000
13.04.2020;1124,97000;1142,90000;1148,58000;1118,87000
14.04.2020;1133,23000;1133,95000;1151,65000;1127,19000
15.04.2020;1046,88000;1129,49000;1129,49000;1045,13000
16.04.2020;1066,91000;1057,13000;1087,80000;1036,95000
17.04.2020;1078,69000;1083,27000;1092,54000;1068,93000
20.04.2020;1068,32000;1075,22000;1079,75000;1055,71000
21.04.2020;1012,15000;1037,69000;1037,89000;991,49000
22.04.2020;1066,01000;1011,38000;1071,80000;1006,96000
23.04.2020;1099,67000;1079,15000;1110,40000;1071,34000
24.04.2020;1081,32000;1090,46000;1103,77000;1074,06000
27.04.2020;1083,68000;1086,06000;1099,38000;1081,49000
28.04.2020;1109,60000;1085,86000;1125,88000;1081,09000
29.04.2020;1144,64000;1117,72000;1147,97000;1113,89000
30.04.2020;1125,03000;1157,93000;1169,88000;1121,78000
04.05.2020;1099,42000;1111,28000;1111,28000;1080,63000
05.05.2020;1133,16000;1117,00000;1135,40000;1115,99000
06.05.2020;1111,43000;1135,74000;1139,51000;1106,06000
07.05.2020;1126,48000;1112,34000;1138,22000;1111,73000
08.05.2020;1136,34000;1125,66000;1140,01000;1116,25000
12.05.2020;1137,28000;1130,71000;1143,65000;1123,16000
13.05.2020;1110,37000;1124,29000;1132,75000;1110,37000
14.05.2020;1102,98000;1106,25000;1113,94000;1086,36000
15.05.2020;1107,49000;1121,47000;1134,34000;1107,49000
18.05.2020;1167,88000;1122,71000;1167,95000;1122,71000
19.05.2020;1177,24000;1171,43000;1183,77000;1168,04000
20.05.2020;1225,47000;1176,02000;1225,47000;1173,70000
21.05.2020;1206,28000;1226,09000;1243,27000;1196,21000
22.05.2020;1188,47000;1194,86000;1198,26000;1174,86000
25.05.2020;1213,41000;1195,96000;1213,41000;1195,96000
26.05.2020;1224,99000;1220,59000;1243,96000;1220,45000
27.05.2020;1212,20000;1222,91000;1234,83000;1197,78000
28.05.2020;1241,77000;1219,22000;1241,77000;1211,85000
29.05.2020;1219,76000;1236,36000;1236,36000;1210,07000
01.06.2020;1247,61000;1240,08000;1253,91000;1233,73000
02.06.2020;1277,85000;1258,10000;1283,85000;1255,75000
03.06.2020;1301,88000;1290,27000;1301,88000;1277,15000
04.06.2020;1257,31000;1295,23000;1296,34000;1252,14000
05.06.2020;1285,78000;1266,42000;1291,00000;1265,26000
08.06.2020;1288,71000;1287,32000;1306,27000;1278,75000
09.06.2020;1284,31000;1295,42000;1299,59000;1263,75000
10.06.2020;1277,58000;1284,27000;1288,07000;1266,02000
11.06.2020;1238,11000;1267,99000;1267,99000;1237,02000
15.06.2020;1221,60000;1214,13000;1223,09000;1196,47000
16.06.2020;1242,72000;1243,48000;1264,12000;1236,12000
17.06.2020;1237,93000;1247,75000;1257,91000;1233,65000
18.06.2020;1230,71000;1235,27000;1242,95000;1221,20000
19.06.2020;1249,67000;1234,88000;1259,86000;1234,88000
22.06.2020;1256,77000;1249,47000;1258,50000;1235,16000
23.06.2020;1281,18000;1264,34000;1282,95000;1263,77000
25.06.2020;1257,18000;1258,02000;1262,33000;1242,32000
26.06.2020;1246,74000;1268,89000;1270,36000;1236,91000
29.06.2020;1239,81000;1241,00000;1249,45000;1230,11000
30.06.2020;1212,63000;1246,93000;1250,32000;1212,63000
02.07.2020;1248,28000;1222,73000;1250,57000;1220,84000
03.07.2020;1235,18000;1245,05000;1252,64000;1229,44000
06.07.2020;1247,14000;1246,84000;1266,28000;1241,71000
07.07.2020;1247,83000;1240,89000;1251,90000;1229,91000
08.07.2020;1245,54000;1240,60000;1250,44000;1238,71000
09.07.2020;1234,42000;1242,94000;1252,25000;1230,07000
10.07.2020;1245,65000;1229,46000;1245,65000;1221,96000
13.07.2020;1234,50000;1249,86000;1257,73000;1232,99000
14.07.2020;1216,79000;1221,19000;1221,24000;1197,20000
15.07.2020;1219,26000;1212,88000;1228,41000;1210,14000
16.07.2020;1219,93000;1216,67000;1222,16000;1208,29000
17.07.2020;1216,17000;1213,16000;1218,32000;1209,24000
20.07.2020;1235,85000;1214,76000;1235,85000;1205,79000
21.07.2020;1259,72000;1242,99000;1266,48000;1242,99000
22.07.2020;1255,10000;1257,73000;1266,16000;1250,31000
23.07.2020;1261,62000;1262,61000;1274,56000;1254,06000
24.07.2020;1255,98000;1249,86000;1258,36000;1243,54000
27.07.2020;1266,16000;1260,32000;1276,49000;1260,32000
28.07.2020;1257,69000;1272,73000;1277,82000;1249,72000
29.07.2020;1266,01000;1255,89000;1270,42000;1254,15000
30.07.2020;1232,35000;1265,60000;1266,81000;1226,86000
31.07.2020;1234,44000;1250,02000;1251,57000;1232,99000
03.08.2020;1257,42000;1235,20000;1260,47000;1234,97000
04.08.2020;1260,16000;1264,53000;1269,81000;1246,82000
05.08.2020;1295,27000;1265,72000;1297,97000;1265,14000
06.08.2020;1282,44000;1296,20000;1299,76000;1278,22000
07.08.2020;1271,43000;1286,37000;1286,37000;1266,85000
10.08.2020;1267,96000;1271,97000;1280,41000;1267,96000
11.08.2020;1296,01000;1268,93000;1301,19000;1268,93000
12.08.2020;1307,12000;1288,04000;1307,12000;1283,60000
13.08.2020;1326,13000;1306,74000;1326,13000;1304,59000
14.08.2020;1323,80000;1328,20000;1328,20000;1306,00000
17.08.2020;1308,71000;1327,78000;1336,58000;1301,03000
18.08.2020;1311,52000;1306,53000;1322,99000;1303,30000
19.08.2020;1316,32000;1312,48000;1322,48000;1308,09000
20.08.2020;1272,81000;1308,75000;1308,75000;1272,81000
21.08.2020;1262,01000;1286,60000;1291,23000;1252,91000
24.08.2020;1281,52000;1265,93000;1288,15000;1265,93000
25.08.2020;1267,16000;1284,12000;1289,33000;1265,85000
26.08.2020;1273,24000;1271,77000;1273,24000;1256,72000
27.08.2020;1264,86000;1274,80000;1279,20000;1258,69000
28.08.2020;1265,62000;1267,38000;1271,32000;1254,83000
31.08.2020;1258,60000;1274,05000;1286,07000;1255,34000
01.09.2020;1274,50000;1265,70000;1282,24000;1264,85000
02.09.2020;1234,82000;1280,08000;1283,69000;1229,50000
03.09.2020;1223,21000;1234,42000;1241,28000;1216,93000
04.09.2020;1220,01000;1222,21000;1236,65000;1214,72000
07.09.2020;1218,52000;1223,75000;1230,02000;1210,21000
08.09.2020;1189,47000;1221,35000;1225,16000;1183,78000
09.09.2020;1201,34000;1189,69000;1206,04000;1187,98000
10.09.2020;1216,59000;1207,98000;1220,27000;1191,89000
11.09.2020;1223,05000;1210,12000;1225,59000;1207,27000
14.09.2020;1228,48000;1237,14000;1238,08000;1218,41000
15.09.2020;1253,68000;1229,16000;1253,68000;1227,94000
16.09.2020;1251,86000;1252,38000;1257,92000;1243,60000
17.09.2020;1243,29000;1238,42000;1246,02000;1232,82000
18.09.2020;1228,64000;1246,67000;1250,13000;1226,48000
21.09.2020;1181,24000;1225,32000;1225,99000;1176,63000
22.09.2020;1193,06000;1189,37000;1209,03000;1182,04000
23.09.2020;1195,77000;1214,29000;1225,06000;1195,77000
24.09.2020;1188,98000;1187,48000;1192,67000;1172,94000
25.09.2020;1164,68000;1189,40000;1193,58000;1160,28000
28.09.2020;1166,86000;1171,87000;1178,65000;1163,08000
29.09.2020;1155,67000;1169,84000;1172,76000;1138,95000
30.09.2020;1178,51000;1158,75000;1182,96000;1152,94000
01.10.2020;1174,49000;1181,29000;1191,19000;1170,72000
02.10.2020;1148,07000;1157,17000;1157,17000;1134,01000
05.10.2020;1157,86000;1152,56000;1160,54000;1144,04000
06.10.2020;1168,56000;1163,75000;1176,58000;1157,41000
07.10.2020;1143,95000;1157,93000;1164,69000;1140,53000
08.10.2020;1158,82000;1150,83000;1158,82000;1148,00000
09.10.2020;1164,34000;1157,38000;1165,69000;1147,95000
12.10.2020;1162,91000;1163,09000;1169,93000;1155,85000
13.10.2020;1156,11000;1162,18000;1169,80000;1151,18000
14.10.2020;1160,30000;1157,02000;1164,67000;1151,51000
15.10.2020;1132,29000;1156,18000;1156,44000;1128,06000
16.10.2020;1132,80000;1137,25000;1138,87000;1121,29000
19.10.2020;1135,12000;1131,43000;1137,07000;1128,80000
20.10.2020;1140,69000;1130,26000;1143,82000;1123,08000
21.10.2020;1143,42000;1145,30000;1151,94000;1136,76000
22.10.2020;1155,24000;1143,17000;1155,39000;1137,14000
23.10.2020;1164,06000;1154,25000;1166,51000;1149,13000
26.10.2020;1152,33000;1163,89000;1165,58000;1151,45000
27.10.2020;1131,36000;1146,56000;1151,66000;1126,60000
28.10.2020;1078,29000;1124,23000;1124,23000;1070,68000
29.10.2020;1078,96000;1075,40000;1091,43000;1062,70000
30.10.2020;1066,60000;1078,02000;1078,37000;1056,02000
02.11.2020;1069,33000;1062,09000;1075,12000;1039,51000
03.11.2020;1108,15000;1077,20000;1109,71000;1077,20000
05.11.2020;1170,74000;1121,24000;1172,14000;1121,24000
06.11.2020;1178,28000;1163,85000;1178,28000;1151,74000
09.11.2020;1236,30000;1187,84000;1242,24000;1187,32000
10.11.2020;1232,87000;1224,45000;1240,78000;1212,61000
11.11.2020;1233,81000;1236,14000;1254,16000;1231,47000
12.11.2020;1238,45000;1224,64000;1239,78000;1219,15000
13.11.2020;1227,78000;1224,72000;1233,84000;1218,52000
16.11.2020;1268,61000;1243,10000;1268,61000;1243,10000
17.11.2020;1258,46000;1274,26000;1276,81000;1246,71000
18.11.2020;1276,75000;1258,77000;1282,07000;1253,23000
19.11.2020;1258,91000;1270,45000;1270,45000;1251,53000
20.11.2020;1262,69000;1263,65000;1269,02000;1256,21000
23.11.2020;1256,81000;1267,92000;1287,36000;1255,80000
24.11.2020;1287,12000;1270,34000;1288,71000;1265,88000
25.11.2020;1301,83000;1297,58000;1309,54000;1293,97000
26.11.2020;1307,14000;1310,04000;1316,57000;1298,60000
27.11.2020;1302,43000;1303,47000;1306,01000;1291,17000
30.11.2020;1281,97000;1300,14000;1300,14000;1281,00000
01.12.2020;1311,05000;1283,56000;1312,69000;1283,56000
02.12.2020;1335,44000;1308,61000;1335,44000;1305,87000
03.12.2020;1339,41000;1336,84000;1339,41000;1321,42000
04.12.2020;1357,39000;1342,06000;1358,63000;1342,06000
07.12.2020;1368,86000;1352,22000;1368,86000;1341,40000
08.12.2020;1364,66000;1362,32000;1375,75000;1354,75000
09.12.2020;1372,47000;1364,46000;1382,75000;1364,46000
10.12.2020;1404,68000;1362,07000;1404,68000;1360,06000
11.12.2020;1412,88000;1404,78000;1413,56000;1395,77000
14.12.2020;1398,12000;1421,88000;1432,73000;1397,49000
15.12.2020;1390,46000;1387,15000;1409,26000;1382,95000
16.12.2020;1400,05000;1399,42000;1407,86000;1388,15000
17.12.2020;1419,22000;1407,69000;1434,65000;1407,69000
18.12.2020;1402,50000;1418,81000;1419,41000;1386,34000
21.12.2020;1335,93000;1394,52000;1394,52000;1326,65000
22.12.2020;1351,43000;1339,03000;1359,91000;1327,89000
23.12.2020;1366,76000;1338,20000;1367,27000;1335,76000
24.12.2020;1378,33000;1366,49000;1378,33000;1358,22000
25.12.2020;1378,36000;1379,84000;1384,06000;1376,62000
28.12.2020;1391,31000;1379,64000;1396,97000;1379,64000
29.12.2020;1398,48000;1396,52000;1405,90000;1395,08000
30.12.2020;1387,46000;1393,96000;1403,88000;1382,88000
04.01.2021;1424,84000;1399,64000;1439,61000;1398,82000
05.01.2021;1426,11000;1410,89000;1428,70000;1386,56000
06.01.2021;1436,71000;1435,51000;1446,21000;1424,87000
08.01.2021;1466,50000;1444,76000;1481,84000;1444,76000
11.01.2021;1466,56000;1467,85000;1488,56000;1450,55000
12.01.2021;1484,96000;1474,34000;1496,04000;1467,96000
13.01.2021;1486,77000;1494,18000;1503,21000;1473,29000
14.01.2021;1500,58000;1478,41000;1505,57000;1466,25000
15.01.2021;1474,28000;1499,87000;1507,06000;1470,92000
18.01.2021;1474,86000;1472,00000;1477,68000;1456,73000
19.01.2021;1470,63000;1480,80000;1492,72000;1466,66000
20.01.2021;1486,90000;1476,75000;1494,97000;1475,65000
21.01.2021;1463,84000;1491,79000;1500,03000;1452,80000
22.01.2021;1418,29000;1452,51000;1452,51000;1413,12000
25.01.2021;1412,02000;1425,69000;1444,44000;1409,47000
26.01.2021;1422,95000;1415,26000;1425,81000;1403,34000
27.01.2021;1393,02000;1425,59000;1431,21000;1382,21000
28.01.2021;1384,64000;1378,58000;1391,02000;1365,13000
29.01.2021;1367,64000;1383,16000;1383,16000;1361,73000
01.02.2021;1363,96000;1367,53000;1378,97000;1362,64000
02.02.2021;1398,99000;1375,46000;1406,62000;1375,46000
03.02.2021;1387,00000;1385,32000;1398,94000;1377,16000
04.02.2021;1402,71000;1392,23000;1413,31000;1389,97000
05.02.2021;1431,76000;1417,26000;1431,76000;1417,26000
08.02.2021;1462,22000;1440,22000;1462,80000;1440,22000
09.02.2021;1457,87000;1467,41000;1474,79000;1456,26000
10.02.2021;1448,31000;1465,79000;1471,89000;1447,88000
11.02.2021;1461,33000;1452,06000;1462,01000;1447,97000
12.02.2021;1461,99000;1456,27000;1461,99000;1420,36000
15.02.2021;1496,40000;1479,53000;1498,10000;1479,53000
16.02.2021;1494,58000;1504,63000;1508,95000;1483,10000
17.02.2021;1462,35000;1493,48000;1499,14000;1457,39000
18.02.2021;1446,70000;1475,00000;1478,99000;1443,69000
19.02.2021;1472,33000;1448,60000;1474,20000;1440,40000
22.02.2021;1455,33000;1466,66000;1470,35000;1434,84000
24.02.2021;1445,91000;1452,36000;1468,28000;1445,10000
25.02.2021;1450,39000;1461,85000;1471,06000;1443,21000
26.02.2021;1411,93000;1414,05000;1435,66000;1401,78000
01.03.2021;1443,02000;1422,57000;1445,16000;1419,57000
02.03.2021;1452,48000;1428,08000;1458,50000;1424,98000
03.03.2021;1453,61000;1465,95000;1477,98000;1450,65000
04.03.2021;1454,67000;1451,65000;1462,83000;1435,17000
05.03.2021;1447,46000;1432,87000;1458,05000;1423,89000
09.03.2021;1481,85000;1450,71000;1489,68000;1448,64000
10.03.2021;1479,57000;1479,41000;1498,32000;1472,73000
11.03.2021;1505,22000;1489,11000;1505,22000;1483,58000
12.03.2021;1519,50000;1504,84000;1519,69000;1500,50000
15.03.2021;1543,99000;1529,62000;1550,49000;1528,29000
16.03.2021;1552,81000;1555,69000;1555,74000;1531,49000
17.03.2021;1493,66000;1543,06000;1547,81000;1490,71000
18.03.2021;1488,72000;1513,39000;1522,42000;1485,00000
19.03.2021;1474,05000;1471,70000;1491,33000;1461,25000
22.03.2021;1467,62000;1473,49000;1479,85000;1461,46000
23.03.2021;1435,52000;1459,51000;1459,51000;1425,27000
24.03.2021;1437,18000;1426,50000;1443,93000;1423,25000
25.03.2021;1417,16000;1434,34000;1440,29000;1413,15000
26.03.2021;1449,85000;1443,85000;1456,70000;1440,01000
29.03.2021;1468,14000;1453,11000;1468,14000;1453,11000
30.03.2021;1460,32000;1473,27000;1478,36000;1451,97000
31.03.2021;1477,11000;1465,46000;1481,04000;1462,64000
01.04.2021;1457,37000;1479,37000;1487,27000;1454,07000
02.04.2021;1466,71000;1472,31000;1472,75000;1462,98000
05.04.2021;1457,13000;1465,04000;1465,04000;1446,29000
06.04.2021;1426,86000;1459,13000;1461,17000;1423,30000
07.04.2021;1429,51000;1414,27000;1436,87000;1406,33000
08.04.2021;1440,43000;1439,51000;1446,38000;1427,86000
09.04.2021;1417,77000;1434,27000;1434,71000;1417,05000
12.04.2021;1432,48000;1412,29000;1444,85000;1409,51000
13.04.2021;1458,51000;1438,56000;1459,44000;1432,36000
14.04.2021;1490,00000;1488,52000;1490,00000;1475,00000
15.04.2021;1474,85000;1437,95000;1474,85000;1435,54000
16.04.2021;1497,05000;1484,25000;1497,05000;1483,71000
19.04.2021;1476,58000;1488,08000;1493,02000;1471,95000
20.04.2021;1455,43000;1482,48000;1490,63000;1450,56000
21.04.2021;1464,17000;1458,92000;1471,16000;1451,86000
22.04.2021;1501,77000;1473,25000;1502,76000;1466,16000
23.04.2021;1511,85000;1509,02000;1516,65000;1499,32000
26.04.2021;1519,33000;1515,84000;1524,50000;1510,05000
27.04.2021;1516,01000;1517,40000;1525,61000;1507,32000
28.04.2021;1509,06000;1517,74000;1519,37000;1502,01000
29.04.2021;1510,72000;1526,91000;1530,97000;1504,57000
30.04.2021;1485,03000;1509,70000;1512,29000;1483,30000
04.05.2021;1502,58000;1489,85000;1511,30000;1489,20000
05.05.2021;1535,67000;1515,33000;1535,92000;1514,06000
06.05.2021;1550,64000;1533,18000;1552,78000;1532,37000
07.05.2021;1577,51000;1561,46000;1577,51000;1557,08000
11.05.2021;1552,63000;1547,93000;1558,62000;1538,70000
12.05.2021;1548,02000;1555,92000;1564,72000;1542,63000
13.05.2021;1546,93000;1538,96000;1555,65000;1522,88000
14.05.2021;1548,93000;1557,45000;1559,34000;1546,47000
17.05.2021;1551,36000;1554,03000;1562,17000;1539,40000
18.05.2021;1574,32000;1568,37000;1581,64000;1568,02000
19.05.2021;1552,91000;1580,97000;1580,97000;1545,67000
20.05.2021;1558,72000;1558,53000;1562,71000;1541,08000
21.05.2021;1569,55000;1557,24000;1574,38000;1549,37000
24.05.2021;1570,90000;1570,13000;1573,83000;1558,74000
25.05.2021;1580,69000;1581,61000;1584,61000;1574,87000
26.05.2021;1590,58000;1585,98000;1592,95000;1581,51000
27.05.2021;1603,67000;1588,99000;1604,16000;1583,07000
28.05.2021;1603,79000;1605,78000;1607,50000;1593,69000
31.05.2021;1597,54000;1596,14000;1604,16000;1594,99000
01.06.2021;1614,21000;1609,56000;1622,82000;1609,56000
02.06.2021;1643,66000;1613,99000;1643,66000;1611,46000
03.06.2021;1636,51000;1650,35000;1652,10000;1625,55000
04.06.2021;1647,06000;1636,67000;1649,03000;1619,27000
07.06.2021;1652,99000;1644,74000;1655,16000;1637,06000
08.06.2021;1656,46000;1651,13000;1660,72000;1645,30000
09.06.2021;1674,75000;1668,10000;1678,95000;1660,91000
10.06.2021;1677,36000;1673,27000;1686,58000;1666,56000
11.06.2021;1678,57000;1686,05000;1692,47000;1676,86000
14.06.2021;1687,37000;1679,91000;1688,11000;1673,62000
15.06.2021;1665,31000;1691,65000;1695,46000;1663,82000
16.06.2021;1679,02000;1669,37000;1681,13000;1664,65000
17.06.2021;1664,38000;1651,90000;1674,03000;1649,57000
18.06.2021;1646,72000;1657,59000;1661,68000;1644,12000
21.06.2021;1642,39000;1637,74000;1646,30000;1627,28000
22.06.2021;1645,59000;1650,49000;1652,42000;1638,95000
23.06.2021;1666,21000;1661,13000;1671,72000;1655,29000
24.06.2021;1664,94000;1666,52000;1673,59000;1656,41000
25.06.2021;1672,08000;1668,40000;1672,67000;1660,54000
28.06.2021;1669,75000;1673,18000;1681,18000;1667,10000
29.06.2021;1640,08000;1663,68000;1665,66000;1638,35000
30.06.2021;1653,78000;1646,58000;1662,32000;1632,33000
